[
    {
      "name": "Afghanistan",
      "flag": "https://flagcdn.com/af.svg",
      "code": "AF",
      "dial_code": "+93"
    },
    {
      "name": "Åland Islands",
      "flag": "https://flagcdn.com/ax.svg",
      "code": "AX",
      "dial_code": "+358"
    },
    {
      "name": "Albania",
      "flag": "https://flagcdn.com/al.svg",
      "code": "AL",
      "dial_code": "+355"
    },
    {
      "name": "Algeria",
      "flag": "https://flagcdn.com/dz.svg",
      "code": "DZ",
      "dial_code": "+213"
    },
    {
      "name": "American Samoa",
      "flag": "https://flagcdn.com/as.svg",
      "code": "AS",
      "dial_code": "+1684"
    },
    {
      "name": "Andorra",
      "flag": "https://flagcdn.com/ad.svg",
      "code": "AD",
      "dial_code": "+376"
    },
    {
      "name": "Angola",
      "flag": "https://flagcdn.com/ao.svg",
      "code": "AO",
      "dial_code": "+244"
    },
    {
      "name": "Anguilla",
      "flag": "https://flagcdn.com/ai.svg",
      "code": "AI",
      "dial_code": "+1264"
    },
    {
      "name": "Antarctica",
      "flag": "https://flagcdn.com/aq.svg",
      "code": "AQ",
      "dial_code": "+672"
    },
    {
      "name": "Antigua and Barbuda",
      "flag": "https://flagcdn.com/ag.svg",
      "code": "AG",
      "dial_code": "+1268"
    },
    {
      "name": "Argentina",
      "flag": "https://flagcdn.com/ar.svg",
      "code": "AR",
      "dial_code": "+54"
    },
    {
      "name": "Armenia",
      "flag": "https://flagcdn.com/am.svg",
      "code": "AM",
      "dial_code": "+374"
    },
    {
      "name": "Aruba",
      "flag": "https://flagcdn.com/aw.svg",
      "code": "AW",
      "dial_code": "+297"
    },
    {
      "name": "Australia",
      "flag": "https://flagcdn.com/au.svg",
      "code": "AU",
      "dial_code": "+61"
    },
    {
      "name": "Austria",
      "flag": "https://flagcdn.com/at.svg",
      "code": "AT",
      "dial_code": "+43"
    },
    {
      "name": "Azerbaijan",
      "flag": "https://flagcdn.com/az.svg",
      "code": "AZ",
      "dial_code": "+994"
    },
    {
      "name": "Bahamas",
      "flag": "https://flagcdn.com/bs.svg",
      "code": "BS",
      "dial_code": "+1242"
    },
    {
      "name": "Bahrain",
      "flag": "https://flagcdn.com/bh.svg",
      "code": "BH",
      "dial_code": "+973"
    },
    {
      "name": "Bangladesh",
      "flag": "https://flagcdn.com/bd.svg",
      "code": "BD",
      "dial_code": "+880"
    },
    {
      "name": "Barbados",
      "flag": "https://flagcdn.com/bb.svg",
      "code": "BB",
      "dial_code": "+1246"
    },
    {
      "name": "Belarus",
      "flag": "https://flagcdn.com/by.svg",
      "code": "BY",
      "dial_code": "+375"
    },
    {
      "name": "Belgium",
      "flag": "https://flagcdn.com/be.svg",
      "code": "BE",
      "dial_code": "+32"
    },
    {
      "name": "Belize",
      "flag": "https://flagcdn.com/bz.svg",
      "code": "BZ",
      "dial_code": "+501"
    },
    {
      "name": "Benin",
      "flag": "https://flagcdn.com/bj.svg",
      "code": "BJ",
      "dial_code": "+229"
    },
    {
      "name": "Bermuda",
      "flag": "https://flagcdn.com/bm.svg",
      "code": "BM",
      "dial_code": "+1441"
    },
    {
      "name": "Bhutan",
      "flag": "https://flagcdn.com/bt.svg",
      "code": "BT",
      "dial_code": "+975"
    },
    {
      "name": "Bolivia, Plurinational State of bolivia",
      "flag": "https://flagcdn.com/bo.svg",
      "code": "BO",
      "dial_code": "+591"
    },
    {
      "name": "Bosnia and Herzegovina",
      "flag": "https://flagcdn.com/ba.svg",
      "code": "BA",
      "dial_code": "+387"
    },
    {
      "name": "Botswana",
      "flag": "https://flagcdn.com/bw.svg",
      "code": "BW",
      "dial_code": "+267"
    },
    {
      "name": "Bouvet Island",
      "flag": "https://flagcdn.com/bv.svg",
      "code": "BV",
      "dial_code": "+47"
    },
    {
      "name": "Brazil",
      "flag": "https://flagcdn.com/br.svg",
      "code": "BR",
      "dial_code": "+55"
    },
    {
      "name": "British Indian Ocean Territory",
      "flag": "https://flagcdn.com/io.svg",
      "code": "IO",
      "dial_code": "+246"
    },
    {
      "name": "Brunei Darussalam",
      "flag": "https://flagcdn.com/bn.svg",
      "code": "BN",
      "dial_code": "+673"
    },
    {
      "name": "Bulgaria",
      "flag": "https://flagcdn.com/bg.svg",
      "code": "BG",
      "dial_code": "+359"
    },
    {
      "name": "Burkina Faso",
      "flag": "https://flagcdn.com/bf.svg",
      "code": "BF",
      "dial_code": "+226"
    },
    {
      "name": "Burundi",
      "flag": "https://flagcdn.com/bi.svg",
      "code": "BI",
      "dial_code": "+257"
    },
    {
      "name": "Cambodia",
      "flag": "https://flagcdn.com/kh.svg",
      "code": "KH",
      "dial_code": "+855"
    },
    {
      "name": "Cameroon",
      "flag": "https://flagcdn.com/cm.svg",
      "code": "CM",
      "dial_code": "+237"
    },
    {
      "name": "Canada",
      "flag": "https://flagcdn.com/ca.svg",
      "code": "CA",
      "dial_code": "+1"
    },
    {
      "name": "Cape Verde",
      "flag": "https://flagcdn.com/cv.svg",
      "code": "CV",
      "dial_code": "+238"
    },
    {
      "name": "Cayman Islands",
      "flag": "https://flagcdn.com/ky.svg",
      "code": "KY",
      "dial_code": "+345"
    },
    {
      "name": "Central African Republic",
      "flag": "https://flagcdn.com/cf.svg",
      "code": "CF",
      "dial_code": "+236"
    },
    {
      "name": "Chad",
      "flag": "https://flagcdn.com/td.svg",
      "code": "TD",
      "dial_code": "+235"
    },
    {
      "name": "Chile",
      "flag": "https://flagcdn.com/cl.svg",
      "code": "CL",
      "dial_code": "+56"
    },
    {
      "name": "China",
      "flag": "https://flagcdn.com/cn.svg",
      "code": "CN",
      "dial_code": "+86"
    },
    {
      "name": "Christmas Island",
      "flag": "https://flagcdn.com/cx.svg",
      "code": "CX",
      "dial_code": "+61"
    },
    {
      "name": "Cocos (Keeling) Islands",
      "flag": "https://flagcdn.com/cc.svg",
      "code": "CC",
      "dial_code": "+61"
    },
    {
      "name": "Colombia",
      "flag": "https://flagcdn.com/co.svg",
      "code": "CO",
      "dial_code": "+57"
    },
    {
      "name": "Comoros",
      "flag": "https://flagcdn.com/km.svg",
      "code": "KM",
      "dial_code": "+269"
    },
    {
      "name": "Congo",
      "flag": "https://flagcdn.com/cg.svg",
      "code": "CG",
      "dial_code": "+242"
    },
    {
      "name": "Congo, The Democratic Republic of the Congo",
      "flag": "https://flagcdn.com/cd.svg",
      "code": "CD",
      "dial_code": "+243"
    },
    {
      "name": "Cook Islands",
      "flag": "https://flagcdn.com/ck.svg",
      "code": "CK",
      "dial_code": "+682"
    },
    {
      "name": "Costa Rica",
      "flag": "https://flagcdn.com/cr.svg",
      "code": "CR",
      "dial_code": "+506"
    },
    {
      "name": "Cote d'Ivoire",
      "flag": "https://flagcdn.com/ci.svg",
      "code": "CI",
      "dial_code": "+225"
    },
    {
      "name": "Croatia",
      "flag": "https://flagcdn.com/hr.svg",
      "code": "HR",
      "dial_code": "+385"
    },
    {
      "name": "Cuba",
      "flag": "https://flagcdn.com/cu.svg",
      "code": "CU",
      "dial_code": "+53"
    },
    {
      "name": "Cyprus",
      "flag": "https://flagcdn.com/cy.svg",
      "code": "CY",
      "dial_code": "+357"
    },
    {
      "name": "Czech Republic",
      "flag": "https://flagcdn.com/cz.svg",
      "code": "CZ",
      "dial_code": "+420"
    },
    {
      "name": "Denmark",
      "flag": "https://flagcdn.com/dk.svg",
      "code": "DK",
      "dial_code": "+45"
    },
    {
      "name": "Djibouti",
      "flag": "https://flagcdn.com/dj.svg",
      "code": "DJ",
      "dial_code": "+253"
    },
    {
      "name": "Dominica",
      "flag": "https://flagcdn.com/dm.svg",
      "code": "DM",
      "dial_code": "+1767"
    },
    {
      "name": "Dominican Republic",
      "flag": "https://flagcdn.com/do.svg",
      "code": "DO",
      "dial_code": "+1849"
    },
    {
      "name": "Ecuador",
      "flag": "https://flagcdn.com/ec.svg",
      "code": "EC",
      "dial_code": "+593"
    },
    {
      "name": "Egypt",
      "flag": "https://flagcdn.com/eg.svg",
      "code": "EG",
      "dial_code": "+20"
    },
    {
      "name": "El Salvador",
      "flag": "https://flagcdn.com/sv.svg",
      "code": "SV",
      "dial_code": "+503"
    },
    {
      "name": "Equatorial Guinea",
      "flag": "https://flagcdn.com/gq.svg",
      "code": "GQ",
      "dial_code": "+240"
    },
    {
      "name": "Eritrea",
      "flag": "https://flagcdn.com/er.svg",
      "code": "ER",
      "dial_code": "+291"
    },
    {
      "name": "Estonia",
      "flag": "https://flagcdn.com/ee.svg",
      "code": "EE",
      "dial_code": "+372"
    },
    {
      "name": "Ethiopia",
      "flag": "https://flagcdn.com/et.svg",
      "code": "ET",
      "dial_code": "+251"
    },
    {
      "name": "Falkland Islands (Malvinas)",
      "flag": "https://flagcdn.com/fk.svg",
      "code": "FK",
      "dial_code": "+500"
    },
    {
      "name": "Faroe Islands",
      "flag": "https://flagcdn.com/fo.svg",
      "code": "FO",
      "dial_code": "+298"
    },
    {
      "name": "Fiji",
      "flag": "https://flagcdn.com/fj.svg",
      "code": "FJ",
      "dial_code": "+679"
    },
    {
      "name": "Finland",
      "flag": "https://flagcdn.com/fi.svg",
      "code": "FI",
      "dial_code": "+358"
    },
    {
      "name": "France",
      "flag": "https://flagcdn.com/fr.svg",
      "code": "FR",
      "dial_code": "+33"
    },
    {
      "name": "French Guiana",
      "flag": "https://flagcdn.com/gf.svg",
      "code": "GF",
      "dial_code": "+594"
    },
    {
      "name": "French Polynesia",
      "flag": "https://flagcdn.com/pf.svg",
      "code": "PF",
      "dial_code": "+689"
    },
    {
      "name": "French Southern Territories",
      "flag": "https://flagcdn.com/tf.svg",
      "code": "TF",
      "dial_code": "+262"
    },
    {
      "name": "Gabon",
      "flag": "https://flagcdn.com/ga.svg",
      "code": "GA",
      "dial_code": "+241"
    },
    {
      "name": "Gambia",
      "flag": "https://flagcdn.com/gm.svg",
      "code": "GM",
      "dial_code": "+220"
    },
    {
      "name": "Georgia",
      "flag": "https://flagcdn.com/ge.svg",
      "code": "GE",
      "dial_code": "+995"
    },
    {
      "name": "Germany",
      "flag": "https://flagcdn.com/de.svg",
      "code": "DE",
      "dial_code": "+49"
    },
    {
      "name": "Ghana",
      "flag": "https://flagcdn.com/gh.svg",
      "code": "GH",
      "dial_code": "+233"
    },
    {
      "name": "Gibraltar",
      "flag": "https://flagcdn.com/gi.svg",
      "code": "GI",
      "dial_code": "+350"
    },
    {
      "name": "Greece",
      "flag": "https://flagcdn.com/gr.svg",
      "code": "GR",
      "dial_code": "+30"
    },
    {
      "name": "Greenland",
      "flag": "https://flagcdn.com/gl.svg",
      "code": "GL",
      "dial_code": "+299"
    },
    {
      "name": "Grenada",
      "flag": "https://flagcdn.com/gd.svg",
      "code": "GD",
      "dial_code": "+1473"
    },
    {
      "name": "Guadeloupe",
      "flag": "https://flagcdn.com/gp.svg",
      "code": "GP",
      "dial_code": "+590"
    },
    {
      "name": "Guam",
      "flag": "https://flagcdn.com/gu.svg",
      "code": "GU",
      "dial_code": "+1671"
    },
    {
      "name": "Guatemala",
      "flag": "https://flagcdn.com/gt.svg",
      "code": "GT",
      "dial_code": "+502"
    },
    {
      "name": "Guernsey",
      "flag": "https://flagcdn.com/gg.svg",
      "code": "GG",
      "dial_code": "+44"
    },
    {
      "name": "Guinea",
      "flag": "https://flagcdn.com/gn.svg",
      "code": "GN",
      "dial_code": "+224"
    },
    {
      "name": "Guinea-Bissau",
      "flag": "https://flagcdn.com/gw.svg",
      "code": "GW",
      "dial_code": "+245"
    },
    {
      "name": "Guyana",
      "flag": "https://flagcdn.com/gy.svg",
      "code": "GY",
      "dial_code": "+592"
    },
    {
      "name": "Haiti",
      "flag": "https://flagcdn.com/ht.svg",
      "code": "HT",
      "dial_code": "+509"
    },
    {
      "name": "Heard Island and Mcdonald Islands",
      "flag": "https://flagcdn.com/hm.svg",
      "code": "HM",
      "dial_code": "+672"
    },
    {
      "name": "Holy See (Vatican City State)",
      "flag": "https://flagcdn.com/va.svg",
      "code": "VA",
      "dial_code": "+379"
    },
    {
      "name": "Honduras",
      "flag": "https://flagcdn.com/hn.svg",
      "code": "HN",
      "dial_code": "+504"
    },
    {
      "name": "Hong Kong",
      "flag": "https://flagcdn.com/hk.svg",
      "code": "HK",
      "dial_code": "+852"
    },
    {
      "name": "Hungary",
      "flag": "https://flagcdn.com/hu.svg",
      "code": "HU",
      "dial_code": "+36"
    },
    {
      "name": "Iceland",
      "flag": "https://flagcdn.com/is.svg",
      "code": "IS",
      "dial_code": "+354"
    },
    {
      "name": "India",
      "flag": "https://flagcdn.com/in.svg",
      "code": "IN",
      "dial_code": "+91"
    },
    {
      "name": "Indonesia",
      "flag": "https://flagcdn.com/id.svg",
      "code": "ID",
      "dial_code": "+62"
    },
    {
      "name": "Iran, Islamic Republic of Persian Gulf",
      "flag": "https://flagcdn.com/ir.svg",
      "code": "IR",
      "dial_code": "+98"
    },
    {
      "name": "Iraq",
      "flag": "https://flagcdn.com/iq.svg",
      "code": "IQ",
      "dial_code": "+964"
    },
    {
      "name": "Ireland",
      "flag": "https://flagcdn.com/ie.svg",
      "code": "IE",
      "dial_code": "+353"
    },
    {
      "name": "Isle of Man",
      "flag": "https://flagcdn.com/im.svg",
      "code": "IM",
      "dial_code": "+44"
    },
    {
      "name": "Israel",
      "flag": "https://flagcdn.com/il.svg",
      "code": "IL",
      "dial_code": "+972"
    },
    {
      "name": "Italy",
      "flag": "https://flagcdn.com/it.svg",
      "code": "IT",
      "dial_code": "+39"
    },
    {
      "name": "Jamaica",
      "flag": "https://flagcdn.com/jm.svg",
      "code": "JM",
      "dial_code": "+1876"
    },
    {
      "name": "Japan",
      "flag": "https://flagcdn.com/jp.svg",
      "code": "JP",
      "dial_code": "+81"
    },
    {
      "name": "Jersey",
      "flag": "https://flagcdn.com/je.svg",
      "code": "JE",
      "dial_code": "+44"
    },
    {
      "name": "Jordan",
      "flag": "https://flagcdn.com/jo.svg",
      "code": "JO",
      "dial_code": "+962"
    },
    {
      "name": "Kazakhstan",
      "flag": "https://flagcdn.com/kz.svg",
      "code": "KZ",
      "dial_code": "+7"
    },
    {
      "name": "Kenya",
      "flag": "https://flagcdn.com/ke.svg",
      "code": "KE",
      "dial_code": "+254"
    },
    {
      "name": "Kiribati",
      "flag": "https://flagcdn.com/ki.svg",
      "code": "KI",
      "dial_code": "+686"
    },
    {
      "name": "Korea, Democratic People's Republic of Korea",
      "flag": "https://flagcdn.com/kp.svg",
      "code": "KP",
      "dial_code": "+850"
    },
    {
      "name": "Korea, Republic of South Korea",
      "flag": "https://flagcdn.com/kr.svg",
      "code": "KR",
      "dial_code": "+82"
    },
    {
      "name": "Kosovo",
      "flag": "https://flagcdn.com/xk.svg",
      "code": "XK",
      "dial_code": "+383"
    },
    {
      "name": "Kuwait",
      "flag": "https://flagcdn.com/kw.svg",
      "code": "KW",
      "dial_code": "+965"
    },
    {
      "name": "Kyrgyzstan",
      "flag": "https://flagcdn.com/kg.svg",
      "code": "KG",
      "dial_code": "+996"
    },
    {
      "name": "Laos",
      "flag": "https://flagcdn.com/la.svg",
      "code": "LA",
      "dial_code": "+856"
    },
    {
      "name": "Latvia",
      "flag": "https://flagcdn.com/lv.svg",
      "code": "LV",
      "dial_code": "+371"
    },
    {
      "name": "Lebanon",
      "flag": "https://flagcdn.com/lb.svg",
      "code": "LB",
      "dial_code": "+961"
    },
    {
      "name": "Lesotho",
      "flag": "https://flagcdn.com/ls.svg",
      "code": "LS",
      "dial_code": "+266"
    },
    {
      "name": "Liberia",
      "flag": "https://flagcdn.com/lr.svg",
      "code": "LR",
      "dial_code": "+231"
    },
    {
      "name": "Libyan Arab Jamahiriya",
      "flag": "https://flagcdn.com/ly.svg",
      "code": "LY",
      "dial_code": "+218"
    },
    {
      "name": "Liechtenstein",
      "flag": "https://flagcdn.com/li.svg",
      "code": "LI",
      "dial_code": "+423"
    },
    {
      "name": "Lithuania",
      "flag": "https://flagcdn.com/lt.svg",
      "code": "LT",
      "dial_code": "+370"
    },
    {
      "name": "Luxembourg",
      "flag": "https://flagcdn.com/lu.svg",
      "code": "LU",
      "dial_code": "+352"
    },
    {
      "name": "Macao",
      "flag": "https://flagcdn.com/mo.svg",
      "code": "MO",
      "dial_code": "+853"
    },
    {
      "name": "Macedonia",
      "flag": "https://flagcdn.com/mk.svg",
      "code": "MK",
      "dial_code": "+389"
    },
    {
      "name": "Madagascar",
      "flag": "https://flagcdn.com/mg.svg",
      "code": "MG",
      "dial_code": "+261"
    },
    {
      "name": "Malawi",
      "flag": "https://flagcdn.com/mw.svg",
      "code": "MW",
      "dial_code": "+265"
    },
    {
      "name": "Malaysia",
      "flag": "https://flagcdn.com/my.svg",
      "code": "MY",
      "dial_code": "+60"
    },
    {
      "name": "Maldives",
      "flag": "https://flagcdn.com/mv.svg",
      "code": "MV",
      "dial_code": "+960"
    },
    {
      "name": "Mali",
      "flag": "https://flagcdn.com/ml.svg",
      "code": "ML",
      "dial_code": "+223"
    },
    {
      "name": "Malta",
      "flag": "https://flagcdn.com/mt.svg",
      "code": "MT",
      "dial_code": "+356"
    },
    {
      "name": "Marshall Islands",
      "flag": "https://flagcdn.com/mh.svg",
      "code": "MH",
      "dial_code": "+692"
    },
    {
      "name": "Martinique",
      "flag": "https://flagcdn.com/mq.svg",
      "code": "MQ",
      "dial_code": "+596"
    },
    {
      "name": "Mauritania",
      "flag": "https://flagcdn.com/mr.svg",
      "code": "MR",
      "dial_code": "+222"
    },
    {
      "name": "Mauritius",
      "flag": "https://flagcdn.com/mu.svg",
      "code": "MU",
      "dial_code": "+230"
    },
    {
      "name": "Mayotte",
      "flag": "https://flagcdn.com/yt.svg",
      "code": "YT",
      "dial_code": "+262"
    },
    {
      "name": "Mexico",
      "flag": "https://flagcdn.com/mx.svg",
      "code": "MX",
      "dial_code": "+52"
    },
    {
      "name": "Micronesia, Federated States of Micronesia",
      "flag": "https://flagcdn.com/fm.svg",
      "code": "FM",
      "dial_code": "+691"
    },
    {
      "name": "Moldova",
      "flag": "https://flagcdn.com/md.svg",
      "code": "MD",
      "dial_code": "+373"
    },
    {
      "name": "Monaco",
      "flag": "https://flagcdn.com/mc.svg",
      "code": "MC",
      "dial_code": "+377"
    },
    {
      "name": "Mongolia",
      "flag": "https://flagcdn.com/mn.svg",
      "code": "MN",
      "dial_code": "+976"
    },
    {
      "name": "Montenegro",
      "flag": "https://flagcdn.com/me.svg",
      "code": "ME",
      "dial_code": "+382"
    },
    {
      "name": "Montserrat",
      "flag": "https://flagcdn.com/ms.svg",
      "code": "MS",
      "dial_code": "+1664"
    },
    {
      "name": "Morocco",
      "flag": "https://flagcdn.com/ma.svg",
      "code": "MA",
      "dial_code": "+212"
    },
    {
      "name": "Mozambique",
      "flag": "https://flagcdn.com/mz.svg",
      "code": "MZ",
      "dial_code": "+258"
    },
    {
      "name": "Myanmar",
      "flag": "https://flagcdn.com/mm.svg",
      "code": "MM",
      "dial_code": "+95"
    },
    {
      "name": "Namibia",
      "flag": "https://flagcdn.com/na.svg",
      "code": "NA",
      "dial_code": "+264"
    },
    {
      "name": "Nauru",
      "flag": "https://flagcdn.com/nr.svg",
      "code": "NR",
      "dial_code": "+674"
    },
    {
      "name": "Nepal",
      "flag": "https://flagcdn.com/np.svg",
      "code": "NP",
      "dial_code": "+977"
    },
    {
      "name": "Netherlands",
      "flag": "https://flagcdn.com/nl.svg",
      "code": "NL",
      "dial_code": "+31"
    },
    {
      "name": "Netherlands Antilles",
      "flag": "https://flagcdn.com/an.svg",
      "code": "AN",
      "dial_code": "+599"
    },
    {
      "name": "New Caledonia",
      "flag": "https://flagcdn.com/nc.svg",
      "code": "NC",
      "dial_code": "+687"
    },
    {
      "name": "New Zealand",
      "flag": "https://flagcdn.com/nz.svg",
      "code": "NZ",
      "dial_code": "+64"
    },
    {
      "name": "Nicaragua",
      "flag": "https://flagcdn.com/ni.svg",
      "code": "NI",
      "dial_code": "+505"
    },
    {
      "name": "Niger",
      "flag": "https://flagcdn.com/ne.svg",
      "code": "NE",
      "dial_code": "+227"
    },
    {
      "name": "Nigeria",
      "flag": "https://flagcdn.com/ng.svg",
      "code": "NG",
      "dial_code": "+234"
    },
    {
      "name": "Niue",
      "flag": "https://flagcdn.com/nu.svg",
      "code": "NU",
      "dial_code": "+683"
    },
    {
      "name": "Norfolk Island",
      "flag": "https://flagcdn.com/nf.svg",
      "code": "NF",
      "dial_code": "+672"
    },
    {
      "name": "Northern Mariana Islands",
      "flag": "https://flagcdn.com/mp.svg",
      "code": "MP",
      "dial_code": "+1670"
    },
    {
      "name": "Norway",
      "flag": "https://flagcdn.com/no.svg",
      "code": "NO",
      "dial_code": "+47"
    },
    {
      "name": "Oman",
      "flag": "https://flagcdn.com/om.svg",
      "code": "OM",
      "dial_code": "+968"
    },
    {
      "name": "Pakistan",
      "flag": "https://flagcdn.com/pk.svg",
      "code": "PK",
      "dial_code": "+92"
    },
    {
      "name": "Palau",
      "flag": "https://flagcdn.com/pw.svg",
      "code": "PW",
      "dial_code": "+680"
    },
    {
      "name": "Palestinian Territory, Occupied",
      "flag": "https://flagcdn.com/ps.svg",
      "code": "PS",
      "dial_code": "+970"
    },
    {
      "name": "Panama",
      "flag": "https://flagcdn.com/pa.svg",
      "code": "PA",
      "dial_code": "+507"
    },
    {
      "name": "Papua New Guinea",
      "flag": "https://flagcdn.com/pg.svg",
      "code": "PG",
      "dial_code": "+675"
    },
    {
      "name": "Paraguay",
      "flag": "https://flagcdn.com/py.svg",
      "code": "PY",
      "dial_code": "+595"
    },
    {
      "name": "Peru",
      "flag": "https://flagcdn.com/pe.svg",
      "code": "PE",
      "dial_code": "+51"
    },
    {
      "name": "Philippines",
      "flag": "https://flagcdn.com/ph.svg",
      "code": "PH",
      "dial_code": "+63"
    },
    {
      "name": "Pitcairn",
      "flag": "https://flagcdn.com/pn.svg",
      "code": "PN",
      "dial_code": "+64"
    },
    {
      "name": "Poland",
      "flag": "https://flagcdn.com/pl.svg",
      "code": "PL",
      "dial_code": "+48"
    },
    {
      "name": "Portugal",
      "flag": "https://flagcdn.com/pt.svg",
      "code": "PT",
      "dial_code": "+351"
    },
    {
      "name": "Puerto Rico",
      "flag": "https://flagcdn.com/pr.svg",
      "code": "PR",
      "dial_code": "+1939"
    },
    {
      "name": "Qatar",
      "flag": "https://flagcdn.com/qa.svg",
      "code": "QA",
      "dial_code": "+974"
    },
    {
      "name": "Romania",
      "flag": "https://flagcdn.com/ro.svg",
      "code": "RO",
      "dial_code": "+40"
    },
    {
      "name": "Russia",
      "flag": "https://flagcdn.com/ru.svg",
      "code": "RU",
      "dial_code": "+7"
    },
    {
      "name": "Rwanda",
      "flag": "https://flagcdn.com/rw.svg",
      "code": "RW",
      "dial_code": "+250"
    },
    {
      "name": "Reunion",
      "flag": "https://flagcdn.com/re.svg",
      "code": "RE",
      "dial_code": "+262"
    },
    {
      "name": "Saint Barthelemy",
      "flag": "https://flagcdn.com/bl.svg",
      "code": "BL",
      "dial_code": "+590"
    },
    {
      "name": "Saint Helena, Ascension and Tristan Da Cunha",
      "flag": "https://flagcdn.com/sh.svg",
      "code": "SH",
      "dial_code": "+290"
    },
    {
      "name": "Saint Kitts and Nevis",
      "flag": "https://flagcdn.com/kn.svg",
      "code": "KN",
      "dial_code": "+1869"
    },
    {
      "name": "Saint Lucia",
      "flag": "https://flagcdn.com/lc.svg",
      "code": "LC",
      "dial_code": "+1758"
    },
    {
      "name": "Saint Martin",
      "flag": "https://flagcdn.com/mf.svg",
      "code": "MF",
      "dial_code": "+590"
    },
    {
      "name": "Saint Pierre and Miquelon",
      "flag": "https://flagcdn.com/pm.svg",
      "code": "PM",
      "dial_code": "+508"
    },
    {
      "name": "Saint Vincent and the Grenadines",
      "flag": "https://flagcdn.com/vc.svg",
      "code": "VC",
      "dial_code": "+1784"
    },
    {
      "name": "Samoa",
      "flag": "https://flagcdn.com/ws.svg",
      "code": "WS",
      "dial_code": "+685"
    },
    {
      "name": "San Marino",
      "flag": "https://flagcdn.com/sm.svg",
      "code": "SM",
      "dial_code": "+378"
    },
    {
      "name": "Sao Tome and Principe",
      "flag": "https://flagcdn.com/st.svg",
      "code": "ST",
      "dial_code": "+239"
    },
    {
      "name": "Saudi Arabia",
      "flag": "https://flagcdn.com/sa.svg",
      "code": "SA",
      "dial_code": "+966"
    },
    {
      "name": "Senegal",
      "flag": "https://flagcdn.com/sn.svg",
      "code": "SN",
      "dial_code": "+221"
    },
    {
      "name": "Serbia",
      "flag": "https://flagcdn.com/rs.svg",
      "code": "RS",
      "dial_code": "+381"
    },
    {
      "name": "Seychelles",
      "flag": "https://flagcdn.com/sc.svg",
      "code": "SC",
      "dial_code": "+248"
    },
    {
      "name": "Sierra Leone",
      "flag": "https://flagcdn.com/sl.svg",
      "code": "SL",
      "dial_code": "+232"
    },
    {
      "name": "Singapore",
      "flag": "https://flagcdn.com/sg.svg",
      "code": "SG",
      "dial_code": "+65"
    },
    {
      "name": "Slovakia",
      "flag": "https://flagcdn.com/sk.svg",
      "code": "SK",
      "dial_code": "+421"
    },
    {
      "name": "Slovenia",
      "flag": "https://flagcdn.com/si.svg",
      "code": "SI",
      "dial_code": "+386"
    },
    {
      "name": "Solomon Islands",
      "flag": "https://flagcdn.com/sb.svg",
      "code": "SB",
      "dial_code": "+677"
    },
    {
      "name": "Somalia",
      "flag": "https://flagcdn.com/so.svg",
      "code": "SO",
      "dial_code": "+252"
    },
    {
      "name": "South Africa",
      "flag": "https://flagcdn.com/za.svg",
      "code": "ZA",
      "dial_code": "+27"
    },
    {
      "name": "South Sudan",
      "flag": "https://flagcdn.com/ss.svg",
      "code": "SS",
      "dial_code": "+211"
    },
    {
      "name": "South Georgia and the South Sandwich Islands",
      "flag": "https://flagcdn.com/gs.svg",
      "code": "GS",
      "dial_code": "+500"
    },
    {
      "name": "Spain",
      "flag": "https://flagcdn.com/es.svg",
      "code": "ES",
      "dial_code": "+34"
    },
    {
      "name": "Sri Lanka",
      "flag": "https://flagcdn.com/lk.svg",
      "code": "LK",
      "dial_code": "+94"
    },
    {
      "name": "Sudan",
      "flag": "https://flagcdn.com/sd.svg",
      "code": "SD",
      "dial_code": "+249"
    },
    {
      "name": "Suriname",
      "flag": "https://flagcdn.com/sr.svg",
      "code": "SR",
      "dial_code": "+597"
    },
    {
      "name": "Svalbard and Jan Mayen",
      "flag": "https://flagcdn.com/sj.svg",
      "code": "SJ",
      "dial_code": "+47"
    },
    {
      "name": "Eswatini",
      "flag": "https://flagcdn.com/sz.svg",
      "code": "SZ",
      "dial_code": "+268"
    },
    {
      "name": "Sweden",
      "flag": "https://flagcdn.com/se.svg",
      "code": "SE",
      "dial_code": "+46"
    },
    {
      "name": "Switzerland",
      "flag": "https://flagcdn.com/ch.svg",
      "code": "CH",
      "dial_code": "+41"
    },
    {
      "name": "Syrian Arab Republic",
      "flag": "https://flagcdn.com/sy.svg",
      "code": "SY",
      "dial_code": "+963"
    },
    {
      "name": "Taiwan",
      "flag": "https://flagcdn.com/tw.svg",
      "code": "TW",
      "dial_code": "+886"
    },
    {
      "name": "Tajikistan",
      "flag": "https://flagcdn.com/tj.svg",
      "code": "TJ",
      "dial_code": "+992"
    },
    {
      "name": "Tanzania, United Republic of Tanzania",
      "flag": "https://flagcdn.com/tz.svg",
      "code": "TZ",
      "dial_code": "+255"
    },
    {
      "name": "Thailand",
      "flag": "https://flagcdn.com/th.svg",
      "code": "TH",
      "dial_code": "+66"
    },
    {
      "name": "Timor-Leste",
      "flag": "https://flagcdn.com/tl.svg",
      "code": "TL",
      "dial_code": "+670"
    },
    {
      "name": "Togo",
      "flag": "https://flagcdn.com/tg.svg",
      "code": "TG",
      "dial_code": "+228"
    },
    {
      "name": "Tokelau",
      "flag": "https://flagcdn.com/tk.svg",
      "code": "TK",
      "dial_code": "+690"
    },
    {
      "name": "Tonga",
      "flag": "https://flagcdn.com/to.svg",
      "code": "TO",
      "dial_code": "+676"
    },
    {
      "name": "Trinidad and Tobago",
      "flag": "https://flagcdn.com/tt.svg",
      "code": "TT",
      "dial_code": "+1868"
    },
    {
      "name": "Tunisia",
      "flag": "https://flagcdn.com/tn.svg",
      "code": "TN",
      "dial_code": "+216"
    },
    {
      "name": "Turkey",
      "flag": "https://flagcdn.com/tr.svg",
      "code": "TR",
      "dial_code": "+90"
    },
    {
      "name": "Turkmenistan",
      "flag": "https://flagcdn.com/tm.svg",
      "code": "TM",
      "dial_code": "+993"
    },
    {
      "name": "Turks and Caicos Islands",
      "flag": "https://flagcdn.com/tc.svg",
      "code": "TC",
      "dial_code": "+1649"
    },
    {
      "name": "Tuvalu",
      "flag": "https://flagcdn.com/tv.svg",
      "code": "TV",
      "dial_code": "+688"
    },
    {
      "name": "Uganda",
      "flag": "https://flagcdn.com/ug.svg",
      "code": "UG",
      "dial_code": "+256"
    },
    {
      "name": "Ukraine",
      "flag": "https://flagcdn.com/ua.svg",
      "code": "UA",
      "dial_code": "+380"
    },
    {
      "name": "United Arab Emirates",
      "flag": "https://flagcdn.com/ae.svg",
      "code": "AE",
      "dial_code": "+971"
    },
    {
      "name": "United Kingdom",
      "flag": "https://flagcdn.com/gb.svg",
      "code": "GB",
      "dial_code": "+44"
    },
    {
      "name": "United States",
      "flag": "https://flagcdn.com/us.svg",
      "code": "US",
      "dial_code": "+1"
    },
    {
      "name": "Uruguay",
      "flag": "https://flagcdn.com/uy.svg",
      "code": "UY",
      "dial_code": "+598"
    },
    {
      "name": "Uzbekistan",
      "flag": "https://flagcdn.com/uz.svg",
      "code": "UZ",
      "dial_code": "+998"
    },
    {
      "name": "Vanuatu",
      "flag": "https://flagcdn.com/vu.svg",
      "code": "VU",
      "dial_code": "+678"
    },
    {
      "name": "Venezuela, Bolivarian Republic of Venezuela",
      "flag": "https://flagcdn.com/ve.svg",
      "code": "VE",
      "dial_code": "+58"
    },
    {
      "name": "Vietnam",
      "flag": "https://flagcdn.com/vn.svg",
      "code": "VN",
      "dial_code": "+84"
    },
    {
      "name": "Virgin Islands, British",
      "flag": "https://flagcdn.com/vg.svg",
      "code": "VG",
      "dial_code": "+1284"
    },
    {
      "name": "Virgin Islands, U.S.",
      "flag": "https://flagcdn.com/vi.svg",
      "code": "VI",
      "dial_code": "+1340"
    },
    {
      "name": "Wallis and Futuna",
      "flag": "https://flagcdn.com/wf.svg",
      "code": "WF",
      "dial_code": "+681"
    },
    {
      "name": "Yemen",
      "flag": "https://flagcdn.com/ye.svg",
      "code": "YE",
      "dial_code": "+967"
    },
    {
      "name": "Zambia",
      "flag": "https://flagcdn.com/zm.svg",
      "code": "ZM",
      "dial_code": "+260"
    },
    {
      "name": "Zimbabwe",
      "flag": "https://flagcdn.com/zw.svg",
      "code": "ZW",
      "dial_code": "+263"
    }
  ]